id,name,city,state,modes,dock_doors,staging_tonnes,cold_capacity_tonnes,reliability
HUB-001,Guwahati Consolidation Park,Guwahati,Assam,road|staging,12,358,152,78
HUB-002,Siliguri Gateway Hub,Siliguri,West Bengal,road,19,1815,332,85
HUB-003,Haldia Port Buffer,Haldia,West Bengal,road|sea|staging,38,1235,419,81
HUB-004,Jaipur Rest And Sort,Jaipur,Rajasthan,road|staging,28,1216,384,79
HUB-005,Jodhpur Dry Cargo Yard,Jodhpur,Rajasthan,road|staging,20,1925,413,93
HUB-006,Mumbai Air Cargo Annex,Mumbai,Maharashtra,road|sea|staging,25,1159,115,84
HUB-007,Pune FMCG Crossdock,Pune,Maharashtra,road,28,2237,383,89
HUB-008,Kochi Warehouse Buffer,Kochi,Kerala,road,14,1325,56,89
HUB-009,Chennai Export Staging,Chennai,Tamil Nadu,road,19,2331,371,78
HUB-010,Bengaluru Airport Cargo,Bengaluru,Karnataka,road,39,312,302,81
HUB-011,Hyderabad Pharma Park,Hyderabad,Telangana,road|staging,28,947,8,83
HUB-012,Nagpur Central Crossdock,Nagpur,Maharashtra,road|sea|staging,43,774,125,81
HUB-013,Indore Reefer Bay,Indore,Madhya Pradesh,road,17,678,136,95
HUB-014,Raipur Inland Terminal,Raipur,Chhattisgarh,road,9,1786,28,96
HUB-015,Delhi NCR Urban Node,Greater Noida,Uttar Pradesh,road|staging,13,539,163,92
HUB-016,Sonipat Cold Buffer,Sonipat,Haryana,road|sea|staging,37,1248,99,86
HUB-017,Baddi Industrial Staging,Baddi,Himachal Pradesh,road|sea|staging,23,1092,272,80
HUB-018,Ludhiana Return Yard,Ludhiana,Punjab,road|sea|staging,30,1961,358,94
HUB-019,Jammu Seasonal Hub,Jammu,Jammu And Kashmir,road|staging,34,248,91,84
HUB-020,Srinagar Valley Buffer,Srinagar,Jammu And Kashmir,road|air|staging,37,2014,208,87
HUB-021,Kandla Export Gate,Kandla,Gujarat,road,21,424,129,87
HUB-022,Mundra Container Interface,Mundra,Gujarat,road|sea|staging,43,2340,163,93
HUB-023,Ahmedabad Dry Hub,Ahmedabad,Gujarat,road,26,679,363,95
HUB-024,Rajkot Distribution Yard,Rajkot,Gujarat,road|sea|staging,46,1774,393,93
HUB-025,Patna Inland Hub,Patna,Bihar,road|air|staging,16,1509,197,83
HUB-026,Ranchi Industrial Crossdock,Ranchi,Jharkhand,road|sea|staging,17,1693,417,80
HUB-027,Jamshedpur Metal Cargo Hub,Jamshedpur,Jharkhand,road|air|staging,14,1156,363,87
HUB-028,Paradip Port Yard,Paradip,Odisha,road|air|staging,24,650,162,86
HUB-029,Bhubaneswar Sortation Hub,Bhubaneswar,Odisha,road|sea|staging,38,755,370,92
HUB-030,Cuttack Food Grade Node,Cuttack,Odisha,road|air|staging,26,232,252,87
HUB-031,Mangaluru Coastal Yard,Mangaluru,Karnataka,road,41,666,243,84
HUB-032,Goa Light Cargo Hub,Goa,Goa,road,13,517,173,84
HUB-033,Mysuru Staging Centre,Mysuru,Karnataka,road,20,2391,57,97
HUB-034,Vijayawada Dry Port,Vijayawada,Andhra Pradesh,road|sea|staging,12,899,39,83
HUB-035,Visakhapatnam Port Connector,Visakhapatnam,Andhra Pradesh,road|air|staging,46,1104,270,87
HUB-036,Warangal Parcel Hub,Warangal,Telangana,road|air|staging,32,375,55,84
HUB-037,Lucknow North Hub,Lucknow,Uttar Pradesh,road|staging,44,880,169,94
HUB-038,Kanpur Industrial Dock,Kanpur,Uttar Pradesh,road|air|staging,24,1668,413,86
HUB-039,Bhopal Relay Hub,Bhopal,Madhya Pradesh,road|staging,44,257,205,93
HUB-040,Surat Export Sort,Surat,Gujarat,road|air|staging,38,403,400,91
HUB-041,Coimbatore Textile Hub,Coimbatore,Tamil Nadu,road|sea|staging,36,288,161,81
HUB-042,Tuticorin Port Interface,Tuticorin,Tamil Nadu,road,20,1162,404,97
