id,name,type,home_region,modes,fleet_size,on_time_percent,cancellation_rate_percent,claims_rate_percent
PTR-0001,Eastern Logistics,shipping,Central,sea|staging,1,87,2.8,0.2
PTR-0002,Bharat Logistics,transporter,North,road|staging,143,89,6.3,1.3
PTR-0003,Frontier Fleet,warehouse,Metro North,staging|road,6,85,4.6,2.6
PTR-0004,Pragati Supply,transporter,East Coast,road|staging,139,82,1.0,0.1
PTR-0005,Nexus Logistics,shipping,West,sea|staging,2,95,3.1,0.7
PTR-0006,Bharat Cargo,warehouse,North,staging|road,2,91,4.1,0.6
PTR-0007,Apex Fleet,warehouse,West,staging|road,1,80,2.3,2.9
PTR-0008,Harbour Carriers,warehouse,Eastern Inland,staging|road,3,82,7.1,2.1
PTR-0009,Eastern Cargo,transporter,Eastern Inland,road|staging,224,84,6.1,2.8
PTR-0010,Crescent Carriers,air-cargo,Gujarat,air|staging,2,96,6.9,2.7
PTR-0011,Bharat Supply,air-cargo,Southwest,air|staging,4,84,4.5,0.4
PTR-0012,Eastern Supply,shipping,Eastern Inland,sea|staging,5,83,3.8,3.0
PTR-0013,Gateway Logistics,3pl,North,road|staging,120,90,2.6,1.0
PTR-0014,Eastern Supply,transporter,Central,road|staging,234,82,4.9,2.7
PTR-0015,Crescent Freight,transporter,Telugu States,road|staging,242,84,4.4,3.0
PTR-0016,Harbour Freight,shipping,Telugu States,sea|staging,3,85,7.5,2.2
PTR-0017,Gateway Carriers,transporter,East Coast,road|staging,199,81,2.8,3.0
PTR-0018,Harbour Logistics,air-cargo,South Coast,air|staging,6,87,8.1,2.3
PTR-0019,Nexus Cargo,air-cargo,Metro North,air|staging,3,86,5.7,0.6
PTR-0020,Crescent Freight,3pl,Eastern Inland,road|staging,178,83,5.0,1.4
PTR-0021,Dakshin Fleet,warehouse,North,staging|road,4,86,5.1,1.8
PTR-0022,Gateway Cargo,3pl,Eastern Inland,road|staging,223,85,7.7,3.0
PTR-0023,Harbour Freight,transporter,North,road|staging,213,85,8.2,2.6
PTR-0024,Bharat Supply,shipping,Telugu States,sea|staging,6,97,7.2,0.3
PTR-0025,Nexus Cargo,transporter,East and Northeast,road|staging,87,79,8.4,0.2
PTR-0026,Dakshin Fleet,air-cargo,East and Northeast,air|staging,4,84,7.5,1.7
PTR-0027,Harbour Supply,warehouse,Telugu States,staging|road,6,92,3.8,0.1
PTR-0028,Dakshin Supply,warehouse,North,staging|road,1,82,5.2,2.0
PTR-0029,Pragati Supply,3pl,East and Northeast,road|staging,186,86,1.8,0.8
PTR-0030,Bharat Logistics,air-cargo,South Coast,air|staging,14,96,2.9,0.6
PTR-0031,Bharat Carriers,warehouse,North Hills,staging|road,4,98,8.5,0.8
PTR-0032,Crescent Fleet,air-cargo,Southwest,air|staging,14,96,4.8,2.9
PTR-0033,Pragati Fleet,warehouse,Telugu States,staging|road,8,80,1.7,1.6
PTR-0034,Harbour Supply,warehouse,Telugu States,staging|road,2,82,3.3,0.2
PTR-0035,Dakshin Fleet,transporter,South Coast,road|staging,145,79,3.5,2.6
PTR-0036,Apex Fleet,air-cargo,East and Northeast,air|staging,2,87,5.5,2.4
PTR-0037,Nexus Fleet,3pl,East and Northeast,road|staging,144,78,7.4,0.3
PTR-0038,Bharat Carriers,3pl,North,road|staging,147,97,7.2,1.3
PTR-0039,Harbour Fleet,transporter,Gujarat,road|staging,59,88,8.1,0.6
PTR-0040,Dakshin Supply,warehouse,Eastern Inland,staging|road,6,92,5.5,0.4
PTR-0041,Nexus Cargo,shipping,West,sea|staging,1,96,7.7,0.8
PTR-0042,Bharat Cargo,shipping,East and Northeast,sea|staging,5,91,2.3,2.9
PTR-0043,Bharat Carriers,3pl,Metro North,road|staging,250,83,2.4,1.5
PTR-0044,Nexus Carriers,3pl,Southwest,road|staging,134,79,5.7,0.3
PTR-0045,Frontier Cargo,warehouse,East Coast,staging|road,2,87,8.1,1.3
PTR-0046,Nexus Freight,warehouse,East Coast,staging|road,8,78,5.7,0.7
PTR-0047,Gateway Supply,transporter,Eastern Inland,road|staging,167,80,4.5,2.8
PTR-0048,Dakshin Fleet,warehouse,Central,staging|road,5,90,4.5,3.1
PTR-0049,Apex Fleet,air-cargo,North,air|staging,2,80,2.7,1.3
PTR-0050,Gateway Cargo,3pl,Eastern Inland,road|staging,93,98,3.5,2.8
PTR-0051,Pragati Logistics,shipping,Gujarat,sea|staging,2,86,6.8,0.8
PTR-0052,Crescent Supply,3pl,North,road|staging,191,89,3.5,2.7
PTR-0053,Pragati Supply,warehouse,Eastern Inland,staging|road,6,86,7.9,1.7
PTR-0054,Pragati Carriers,warehouse,South Coast,staging|road,1,80,4.1,1.9
PTR-0055,Frontier Cargo,warehouse,South Coast,staging|road,8,82,6.1,1.6
PTR-0056,Bharat Carriers,shipping,South Coast,sea|staging,10,94,3.5,2.1
PTR-0057,Dakshin Supply,shipping,West,sea|staging,2,96,2.7,1.4
PTR-0058,Bharat Fleet,3pl,Eastern Inland,road|staging,242,93,2.1,3.0
PTR-0059,Bharat Carriers,transporter,North,road|staging,32,78,8.0,1.5
PTR-0060,Apex Supply,transporter,West,road|staging,37,88,5.6,2.7
PTR-0061,Pragati Supply,transporter,East Coast,road|staging,78,79,3.8,1.1
PTR-0062,Eastern Supply,shipping,Gujarat,sea|staging,10,84,3.6,2.7
PTR-0063,Crescent Cargo,transporter,Southwest,road|staging,136,82,6.4,2.7
PTR-0064,Eastern Cargo,3pl,Eastern Inland,road|staging,163,84,4.6,1.5
PTR-0065,Harbour Logistics,air-cargo,Eastern Inland,air|staging,15,85,2.3,1.2
PTR-0066,Frontier Freight,3pl,Central,road|staging,233,92,4.6,0.4
PTR-0067,Frontier Fleet,3pl,South Coast,road|staging,192,85,5.2,2.9
PTR-0068,Apex Fleet,3pl,West,road|staging,232,90,0.9,2.3
PTR-0069,Harbour Carriers,shipping,South Coast,sea|staging,3,79,6.3,1.3
PTR-0070,Dakshin Fleet,shipping,West,sea|staging,8,83,7.8,1.4
PTR-0071,Dakshin Carriers,warehouse,South Coast,staging|road,7,93,6.5,1.5
PTR-0072,Frontier Freight,warehouse,Southwest,staging|road,7,95,3.5,0.5
PTR-0073,Nexus Carriers,air-cargo,Telugu States,air|staging,11,96,2.6,1.0
PTR-0074,Crescent Supply,3pl,Central,road|staging,125,85,3.7,2.2
PTR-0075,Harbour Carriers,warehouse,Telugu States,staging|road,8,96,7.3,1.8
PTR-0076,Harbour Cargo,air-cargo,Southwest,air|staging,10,91,4.9,1.2
PTR-0077,Gateway Carriers,transporter,Telugu States,road|staging,50,90,8.0,3.0
PTR-0078,Nexus Logistics,3pl,South Coast,road|staging,99,82,1.3,1.0
PTR-0079,Nexus Supply,transporter,Telugu States,road|staging,114,79,1.3,1.7
PTR-0080,Harbour Logistics,transporter,East and Northeast,road|staging,219,95,1.8,1.0
PTR-0081,Frontier Supply,warehouse,East Coast,staging|road,5,97,7.5,2.8
PTR-0082,Gateway Fleet,warehouse,Southwest,staging|road,5,79,2.3,2.4
PTR-0083,Dakshin Logistics,transporter,South Coast,road|staging,126,97,4.9,3.0
PTR-0084,Harbour Logistics,air-cargo,West,air|staging,8,84,4.7,2.0
PTR-0085,Bharat Supply,transporter,North,road|staging,249,92,8.0,2.4
PTR-0086,Harbour Supply,warehouse,South Coast,staging|road,7,91,2.8,1.8
PTR-0087,Pragati Carriers,air-cargo,East and Northeast,air|staging,10,88,4.1,1.7
PTR-0088,Nexus Fleet,shipping,North,sea|staging,7,98,6.0,0.6
PTR-0089,Harbour Supply,shipping,East Coast,sea|staging,12,82,3.7,2.0
PTR-0090,Apex Fleet,air-cargo,Central,air|staging,6,91,8.3,2.8
PTR-0091,Frontier Fleet,warehouse,Central,staging|road,3,82,4.9,2.6
PTR-0092,Crescent Supply,transporter,Central,road|staging,138,80,7.8,1.1
PTR-0093,Crescent Fleet,transporter,Telugu States,road|staging,183,97,3.5,0.5
PTR-0094,Dakshin Cargo,3pl,Telugu States,road|staging,159,79,7.5,0.2
PTR-0095,Dakshin Cargo,warehouse,Gujarat,staging|road,1,80,3.7,0.7
PTR-0096,Eastern Fleet,warehouse,North Hills,staging|road,4,78,8.5,1.6
PTR-0097,Crescent Fleet,3pl,South Coast,road|staging,192,83,3.9,0.2
PTR-0098,Apex Freight,shipping,North,sea|staging,6,81,4.6,1.0
PTR-0099,Dakshin Freight,warehouse,Eastern Inland,staging|road,2,95,3.8,2.5
PTR-0100,Apex Freight,air-cargo,Gujarat,air|staging,9,87,6.9,0.8
PTR-0101,Crescent Fleet,warehouse,North,staging|road,1,89,4.6,2.0
PTR-0102,Eastern Carriers,shipping,Gujarat,sea|staging,6,92,3.6,0.2
PTR-0103,Crescent Fleet,shipping,North,sea|staging,12,94,3.0,2.8
PTR-0104,Bharat Fleet,air-cargo,Central,air|staging,7,89,1.3,2.5
PTR-0105,Crescent Logistics,transporter,North Hills,road|staging,234,87,8.3,1.3
PTR-0106,Harbour Logistics,transporter,West,road|staging,164,80,6.4,0.6
PTR-0107,Dakshin Cargo,air-cargo,East and Northeast,air|staging,5,78,7.4,2.9
PTR-0108,Dakshin Supply,warehouse,Gujarat,staging|road,6,97,8.2,0.5
PTR-0109,Crescent Carriers,transporter,Southwest,road|staging,141,81,4.7,0.1
PTR-0110,Pragati Carriers,air-cargo,North Hills,air|staging,13,88,2.2,0.1
PTR-0111,Frontier Freight,air-cargo,Gujarat,air|staging,11,94,5.1,0.7
PTR-0112,Eastern Logistics,shipping,West,sea|staging,7,90,4.5,2.7
PTR-0113,Harbour Cargo,transporter,East Coast,road|staging,65,91,5.0,0.7
PTR-0114,Crescent Supply,3pl,Eastern Inland,road|staging,198,96,3.2,0.9
PTR-0115,Apex Logistics,transporter,West,road|staging,103,97,8.3,0.7
PTR-0116,Gateway Logistics,air-cargo,Gujarat,air|staging,13,85,6.5,2.7
PTR-0117,Nexus Fleet,transporter,North,road|staging,160,88,3.0,2.2
PTR-0118,Apex Logistics,warehouse,West,staging|road,3,79,3.8,3.2
PTR-0119,Nexus Freight,transporter,East and Northeast,road|staging,38,88,6.7,3.0
PTR-0120,Crescent Fleet,shipping,Central,sea|staging,1,88,6.7,1.6
PTR-0121,Gateway Freight,3pl,South Coast,road|staging,201,85,2.8,2.6
PTR-0122,Crescent Cargo,shipping,North Hills,sea|staging,9,96,4.3,1.3
PTR-0123,Pragati Logistics,transporter,Eastern Inland,road|staging,96,97,4.2,0.3
PTR-0124,Frontier Supply,3pl,North,road|staging,55,84,7.5,2.6
PTR-0125,Harbour Supply,warehouse,North,staging|road,7,95,7.7,0.5
PTR-0126,Eastern Freight,transporter,East and Northeast,road|staging,186,84,5.9,1.8
PTR-0127,Pragati Fleet,warehouse,East Coast,staging|road,1,78,4.0,2.1
PTR-0128,Eastern Carriers,transporter,West,road|staging,166,87,8.3,1.3
PTR-0129,Nexus Cargo,transporter,East and Northeast,road|staging,132,88,4.6,1.8
PTR-0130,Bharat Carriers,warehouse,North,staging|road,3,95,4.4,0.5
PTR-0131,Frontier Logistics,transporter,Metro North,road|staging,47,80,4.8,0.3
PTR-0132,Harbour Carriers,warehouse,Eastern Inland,staging|road,8,83,4.5,2.2
PTR-0133,Gateway Freight,air-cargo,South Coast,air|staging,7,80,2.4,1.5
PTR-0134,Harbour Supply,warehouse,Gujarat,staging|road,3,82,8.0,0.8
PTR-0135,Eastern Logistics,transporter,North,road|staging,67,88,3.1,0.5
PTR-0136,Dakshin Supply,3pl,East and Northeast,road|staging,195,91,0.8,1.7
PTR-0137,Harbour Freight,warehouse,South Coast,staging|road,7,79,7.8,2.0
PTR-0138,Gateway Carriers,warehouse,North Hills,staging|road,1,93,0.9,1.6
PTR-0139,Apex Carriers,warehouse,Gujarat,staging|road,1,87,6.1,0.6
PTR-0140,Crescent Carriers,warehouse,South Coast,staging|road,1,80,3.1,0.4
PTR-0141,Dakshin Fleet,air-cargo,Gujarat,air|staging,15,91,3.5,2.1
PTR-0142,Eastern Cargo,transporter,Central,road|staging,54,86,6.7,0.4
PTR-0143,Frontier Supply,air-cargo,Gujarat,air|staging,12,83,5.6,0.2
PTR-0144,Dakshin Fleet,shipping,East Coast,sea|staging,11,88,2.0,1.4
